Category,Name,Location,Rating,Reviews,Footfall,Price Range,Popularity Index,Years Since Establishment,Heritage Status,Historical Mentions,Avg Stay Duration (mins),Repeat Visitors (%),Google Check-ins,Public Transport Proximity (m),Parking Availability,Wheelchair Accessibility,Instagram Mentions,TripAdvisor Ranking,YouTube Reviews
Restaurant,Lotus Lounge,Vazhuthacaud,4.2,5486,13735,$,0.7,37,0,18,121,24.6,7586,2022,1,0,3032,3.5,4418
Restaurant,Chopstix,Shangumugham,4.9,411,5553,$,0.72,37,0,0,45,57.3,5832,654,0,1,4504,4.5,2575
Restaurant,Cafe Jade,Vazhuthacaud,4.0,250,30574,$$,0.7,5,0,19,151,32.1,7029,1848,0,0,727,4.0,3660
Restaurant,Buhari Hotel,Shangumugham,3.7,6511,33802,$$$,0.46,6,0,18,76,16.1,14234,2807,1,1,2169,4.3,2313
Restaurant,Café Sarwaa,Palayam,4.6,1872,26640,$$$,0.63,45,0,13,169,76.9,16811,1832,0,0,2767,3.4,3787
Restaurant,Pathayam,Palayam,4.8,2519,13687,$$,0.44,32,0,2,57,79.5,19902,1928,1,1,3296,3.1,1812
Restaurant,The Terrace,Pongumoodu,4.5,5501,35961,$,0.89,49,0,16,91,41.3,7607,2965,1,1,4530,3.4,3823
Restaurant,Mothers Veg Plaza,Pongumoodu,4.1,623,25584,$$,0.72,14,0,6,119,46.6,13788,2961,0,1,1076,4.3,641
Restaurant,Deli Café 34,Technopark,4.9,740,21326,$$$,0.96,34,0,19,144,19.3,17490,2640,1,0,133,4.6,1547
Restaurant,Cafe Hive 26,East Fort,3.6,2624,4579,$$$,0.65,18,0,7,178,61.7,13715,2638,1,0,3224,4.2,2332
Restaurant,Ajwa,Technopark,3.7,4666,35265,$,0.52,9,0,18,68,38.3,16906,2742,1,0,3128,3.2,269
Restaurant,O Café,Pattom,4.1,7069,39895,$$$$,0.75,36,0,17,176,16.8,18514,1861,0,1,824,3.4,703
Restaurant,Paragon Restaurant,Technopark,4.3,715,10874,$$$,0.79,6,0,1,166,78.8,14064,459,1,0,84,4.2,529
Restaurant,Curry Chatty,Kovalam,4.2,3030,49517,$$$$,0.5,41,0,4,113,60.7,11024,233,0,0,549,4.3,4687
Restaurant,Bait Seafood Restaurant,Pongumoodu,4.4,5763,46520,$$$,0.92,6,0,4,170,70.5,2704,609,0,0,1437,4.2,3001
Restaurant,Deli Café,Palayam,4.7,1465,13889,$$$$,0.7,1,0,17,158,34.4,15401,1837,1,0,2978,4.7,2356
Restaurant,Lotus Lounge 56,Kovalam,3.5,9564,47199,$,0.47,40,0,17,22,38.7,16416,1384,1,1,987,4.3,226
Restaurant,Sree Muruka Café 5,Shangumugham,4.7,8198,5496,$$$$,0.43,36,0,16,102,14.2,16742,2557,0,0,4442,3.4,772
Restaurant,Kream Korner,Ulloor,3.5,2642,33700,$$$,0.85,40,0,13,152,50.0,7440,618,0,1,3290,3.8,1474
Restaurant,Deli Café 68,Pattom,3.3,2584,15865,$$$,0.44,40,0,7,22,72.1,17653,2572,1,0,3396,5.0,1832
Restaurant,The Supreme Bakers 93,Pongumoodu,4.0,250,16313,$$,0.7,5,0,15,120,74.4,8736,633,1,1,1748,4.0,2361
Restaurant,Cherries & Berries,Vazhuthacaud,3.2,7611,32533,$,0.71,12,0,3,34,63.0,5457,2461,1,0,897,3.5,4413
Restaurant,Zam Zam Restaurant 90,Palayam,4.9,4147,14941,$$$,0.62,19,0,3,175,77.4,10404,246,1,1,1470,4.6,3858
Restaurant,The Supreme Bakers 26,Pattom,3.8,2013,35153,$$$$,0.41,41,0,7,126,68.7,7682,2808,0,0,1337,3.8,1685
Restaurant,Villa Maya 43,Ulloor,4.5,1484,16028,$$$$,0.31,37,0,13,141,53.0,9110,1526,1,0,4864,3.4,132
Restaurant,Thakkaaram,Palayam,4.2,898,49621,$$$,0.79,46,0,19,132,36.9,7265,1369,1,0,4898,3.4,2316
Restaurant,Café Sarwaa 54,Pongumoodu,4.3,1254,24391,$,0.32,27,0,4,67,33.9,15775,2440,1,0,3815,3.1,1997
Restaurant,Lotus Lounge 5,Ulloor,4.1,6259,30372,$$$$,0.61,19,0,12,77,52.0,15846,248,1,1,2265,3.5,592
Restaurant,Mothers Veg Plaza 39,Shangumugham,4.5,5234,9447,$,0.56,27,0,15,92,45.0,10714,2611,1,0,4830,4.8,2081
Restaurant,Cafe Hive 67,Pongumoodu,4.2,8995,23110,$$,0.99,47,0,20,81,50.3,4526,2219,1,0,4827,3.7,4498
Restaurant,Zam Zam Restaurant,Kovalam,4.4,1444,314,$,0.78,12,0,4,57,37.6,5166,1186,1,1,1662,4.2,4077
Restaurant,Curry Chatty 32,Kovalam,4.5,9762,28609,$$$$,0.97,4,0,11,155,72.3,6944,360,1,1,642,3.8,633
Restaurant,Eve's Coffee,Shangumugham,4.0,5866,32664,$,0.9,3,0,18,71,25.9,17707,620,1,0,1016,4.1,3666
Restaurant,Buhari Hotel 24,Kowdiar,3.0,9957,41583,$$,0.45,48,0,20,125,70.4,2534,1874,0,0,861,4.8,1663
Restaurant,Ariya Nivaas,Shangumugham,5.0,4860,23502,$$,0.59,12,0,7,167,24.9,3431,346,1,0,2125,4.9,2584
Restaurant,Eve's Coffee 14,East Fort,4.4,1444,37685,$,0.78,12,0,2,145,29.4,777,193,0,0,3158,4.2,1170
Restaurant,Hotel Rahmaniya 36,Kovalam,3.7,2591,4490,$$,0.53,39,0,6,172,22.2,16728,1881,0,1,3682,4.9,3139
Restaurant,Cafe Mojo 89,Pattom,4.4,1444,39133,$,0.78,12,0,7,77,62.8,10465,1900,1,0,2344,4.2,3369
Restaurant,Cafe Mojo 90,Ulloor,3.6,6594,28085,$,0.55,40,0,16,62,29.7,11408,275,1,0,22,4.0,1060
Restaurant,Villa Maya 30,Kovalam,3.5,7529,10238,$$$$,0.45,41,0,13,108,14.3,5927,2170,1,1,3518,3.0,4026
Restaurant,Indian Coffee House,Kowdiar,3.2,1296,25826,$$$$,0.33,4,0,15,180,58.6,15490,243,1,0,4407,4.3,801
Restaurant,Villa Maya,Palayam,4.5,1000,1136,$$$,0.85,10,0,6,65,47.0,2088,2520,1,0,3583,4.5,4226
Restaurant,Sree Muruka Café 97,Shangumugham,3.9,9526,24157,$$,0.81,34,0,17,138,17.1,13776,1625,1,1,4408,3.9,3868
Restaurant,Sree Muruka Café,East Fort,3.6,6109,16800,$$$,0.74,30,0,7,155,72.5,4733,961,0,1,1838,3.4,1764
Restaurant,Sree Muruka Café 53,Ulloor,3.3,5295,48534,$$$$,0.93,18,0,13,81,11.0,3788,2268,1,0,2839,3.6,4323
Restaurant,Rock Café 84,Palayam,3.4,9628,30436,$,0.45,24,0,5,141,22.3,10371,2040,1,1,18,4.2,4257
Restaurant,Cafe Hive,Technopark,3.4,7951,8738,$,0.6,19,0,19,178,58.1,11511,2144,1,1,790,3.9,2388
Restaurant,O Café 79,East Fort,4.4,1444,19321,$,0.78,12,0,4,151,29.6,3117,2573,1,1,3677,4.2,2048
Restaurant,Ariya Nivaas 14,Pattom,3.3,7026,30352,$,0.58,5,0,12,117,69.7,19645,1190,0,0,4593,4.1,1080
Restaurant,The Yellow Chilli 48,Technopark,4.1,7530,19133,$,0.89,8,0,18,126,57.8,14203,2683,0,1,4676,4.6,4774
Nightclub,Nightclub 1,Ulloor,4.9,995,6697,$$$$,0.94,24,0,10,102,77.9,4925,1376,0,0,1747,3.9,4185
Nightclub,Nightclub 2,Kowdiar,4.9,6586,48203,$$,0.9,35,0,2,89,30.6,226,2443,1,0,4131,3.8,3143
Nightclub,Nightclub 3,Vazhuthacaud,4.1,9207,45592,$$$$,0.31,32,0,8,105,67.6,4929,133,0,1,2416,3.3,3865
Nightclub,Nightclub 4,East Fort,4.2,1339,2253,$$$,0.9,1,0,20,68,66.3,175,1150,0,1,2701,3.8,4661
Nightclub,Nightclub 5,Palayam,4.5,2946,30203,$$$,0.95,23,0,10,7,61.2,448,1376,1,1,3614,3.8,2672
Nightclub,Nightclub 6,Pattom,3.4,509,31459,$$$$,0.93,14,0,18,118,56.0,2141,220,1,0,4166,4.0,765
Nightclub,Nightclub 7,Palayam,3.8,400,17783,$$,0.89,9,0,17,23,79.4,3306,1496,0,0,977,4.4,4437
Nightclub,Nightclub 8,Pattom,4.8,4324,33342,$$$$,0.38,31,0,14,63,25.7,2432,703,1,1,4655,3.7,2199
Nightclub,Nightclub 9,East Fort,3.1,2547,44371,$$$$,0.43,32,0,11,103,37.8,2986,2312,0,0,4840,3.1,1053
Nightclub,Nightclub 10,East Fort,3.3,4674,9381,$,0.72,45,0,0,85,37.0,3589,2051,0,0,4599,3.9,4086
Nightclub,Nightclub 11,Shangumugham,3.3,9391,19759,$,0.63,8,0,13,100,18.7,3372,736,0,1,185,4.7,2188
Nightclub,Nightclub 12,Pattom,4.8,3733,26222,$$$$,0.86,47,0,6,29,10.9,2642,111,1,1,2963,5.0,4771
Nightclub,Nightclub 13,Pongumoodu,3.9,2255,30104,$$$,0.79,28,0,14,57,70.4,1148,181,0,1,2402,4.2,3431
Nightclub,Nightclub 14,Kowdiar,4.5,5642,46026,$$$,0.79,28,0,15,32,71.4,3536,202,0,0,1523,4.1,2877
Nightclub,Nightclub 15,East Fort,3.2,6652,21631,$$$$,0.62,20,0,7,90,23.9,2773,1371,1,1,3321,3.3,575
Nightclub,Nightclub 16,Kowdiar,4.8,503,46140,$$,0.34,41,0,17,22,44.0,3352,1680,0,1,4486,3.1,1393
Nightclub,Nightclub 17,Pongumoodu,5.0,1648,42779,$$$$,0.65,25,0,15,104,27.8,1975,79,0,1,1608,3.7,4892
Nightclub,Nightclub 18,Palayam,4.8,6013,49697,$$$,0.37,50,0,7,35,12.0,3301,2919,1,1,3285,3.6,4926
Nightclub,Nightclub 19,Vazhuthacaud,3.3,8000,42822,$$$$,0.57,50,0,10,38,50.6,2307,160,0,0,3269,5.0,1297
Nightclub,Nightclub 20,East Fort,4.2,721,6195,$$,0.34,5,0,10,6,34.5,3432,2098,0,0,394,4.4,3541
Nightclub,Nightclub 21,Technopark,3.4,2339,47913,$$$$,0.83,35,0,11,68,42.1,3311,427,0,0,1338,3.9,2629
Nightclub,Nightclub 22,Palayam,4.7,5754,17680,$$,0.41,41,0,13,81,29.7,3468,1745,1,0,4111,4.1,1513
Nightclub,Nightclub 23,Vazhuthacaud,4.5,7502,48429,$$$,0.5,26,0,10,72,73.0,1881,2553,1,1,1155,4.0,3790
Nightclub,Nightclub 24,Pongumoodu,4.6,9088,35082,$,0.99,39,0,15,104,12.3,4558,1285,0,0,534,4.9,360
Nightclub,Nightclub 25,East Fort,4.9,3427,19263,$$$,0.55,39,0,12,84,33.8,1597,230,0,1,631,4.8,2381
Nightclub,Nightclub 26,East Fort,3.1,2513,38124,$,0.94,13,0,11,82,54.3,2805,2008,1,0,2551,3.4,1293
Nightclub,Nightclub 27,Kowdiar,4.2,1655,37800,$$$$,0.65,48,0,4,91,60.3,3773,1831,0,0,2964,4.5,4993
Nightclub,Nightclub 28,Ulloor,4.9,2323,15513,$$,0.67,12,0,1,5,13.8,1011,2571,1,0,193,3.3,4791
Nightclub,Nightclub 29,Vazhuthacaud,4.2,4987,20826,$$$$,0.61,18,0,16,69,43.6,3929,2189,1,1,1191,4.4,2688
Nightclub,Nightclub 30,Shangumugham,4.9,8183,21436,$,0.98,8,0,2,68,49.0,724,2828,0,0,2806,3.8,4757
Nightclub,Nightclub 31,Kovalam,4.7,790,18586,$$$,0.61,37,0,12,6,13.4,3959,2016,0,0,2032,3.2,1798
Nightclub,Nightclub 32,East Fort,3.8,2303,8648,$$,0.47,30,0,9,5,16.6,4059,2859,1,0,2561,3.3,1298
Nightclub,Nightclub 33,Vazhuthacaud,3.5,4535,37715,$$$$,0.83,50,0,3,26,53.2,652,1943,0,1,4061,3.8,1882
Nightclub,Nightclub 34,Palayam,4.3,5406,26899,$$,0.35,8,0,10,58,43.6,2492,2400,0,1,1474,3.4,3497
Nightclub,Nightclub 35,East Fort,4.5,8405,41931,$$$$,0.66,4,0,7,50,68.9,2736,2722,1,1,817,4.5,2124
Nightclub,Nightclub 36,Palayam,4.5,910,39130,$,0.52,12,0,6,114,37.8,184,338,1,1,4336,3.0,2166
Nightclub,Nightclub 37,Shangumugham,3.7,6130,38006,$$,0.56,41,0,6,69,48.8,1156,1309,1,0,2798,4.7,2729
Nightclub,Nightclub 38,East Fort,3.3,6190,38271,$$$,0.51,7,0,9,41,60.1,4080,855,1,0,4818,3.1,3182
Nightclub,Nightclub 39,Vazhuthacaud,3.1,6313,44079,$,0.69,36,0,6,82,15.3,3580,1327,1,1,2733,3.4,2746
Nightclub,Nightclub 40,East Fort,4.5,2675,25622,$$,0.83,26,0,2,109,60.6,1208,1852,1,1,2523,4.6,1784
Nightclub,Nightclub 41,Kovalam,4.9,7520,37130,$,0.49,4,0,15,18,22.9,1265,652,1,0,1875,4.1,1353
Nightclub,Nightclub 42,Shangumugham,3.9,5382,29550,$$,0.5,5,0,12,87,31.8,575,2085,1,0,2075,4.0,1769
Nightclub,Nightclub 43,Technopark,4.6,3709,1122,$$,0.44,30,0,6,11,16.8,3800,324,1,0,1837,3.0,3209
Nightclub,Nightclub 44,East Fort,3.9,2642,12288,$$$,0.81,50,0,0,98,73.8,339,1000,0,1,4164,4.4,2906
Nightclub,Nightclub 45,Kowdiar,4.9,2073,38783,$$$,0.65,26,0,11,82,78.6,2085,2713,0,1,1153,4.8,2088
Nightclub,Nightclub 46,Shangumugham,3.3,6382,22882,$$,0.57,20,0,3,15,78.8,4876,1841,0,1,2560,4.8,3574
Nightclub,Nightclub 47,Shangumugham,3.8,3813,16385,$$$$,0.75,5,0,18,45,50.6,3682,1513,1,1,311,4.9,3138
Nightclub,Nightclub 48,Kovalam,3.7,7870,16616,$,0.55,43,0,7,24,59.2,387,1159,0,0,4043,4.2,279
Nightclub,Nightclub 49,Pongumoodu,3.5,9589,2802,$,0.71,38,0,20,73,59.8,1694,1625,0,0,4570,4.6,3184
Nightclub,Nightclub 50,Pattom,3.3,8179,8351,$$,0.61,32,0,2,24,46.4,3348,660,1,0,3316,3.9,2466
Museum,Natural History Museum,Pongumoodu,4.3,3420,6234,$,0.8,170,1,34,35,72.0,17152,1255,1,0,9472,3.1,3928
Museum,Kuthiramalika Palace Museum,Technopark,4.4,1049,3005,$,0.81,120,0,14,162,59.5,18521,1283,1,0,56322,4.3,2198
Museum,Kerala Science and Technology Museum,Palayam,4.6,1469,18800,$,0.8,92,0,12,50,52.3,2747,727,0,1,20572,4.3,3270
Museum,Museum of History and Heritage 12,Shangumugham,4.4,1049,3166,$$,0.81,120,0,9,15,62.2,19434,1369,1,1,57998,4.3,1906
Museum,Shri Chitra Art Gallery,Kovalam,3.6,9858,14171,$$$$,0.9,8,1,273,24,14.2,2025,318,1,1,75350,3.4,1452
Museum,Napier Museum,Kovalam,4.5,2600,18598,$$,0.9,189,1,64,143,33.9,5795,1763,0,0,56975,4.4,3077
Museum,Napier Museum 94,Ulloor,4.6,1469,200,$$$,0.8,92,1,397,39,45.7,11649,1903,1,1,94616,4.3,4351
Museum,Natural History Museum 62,Shangumugham,4.5,2600,1702,$$,0.9,189,0,10,121,24.3,12365,2587,0,1,72394,4.4,829
Museum,Natural History Museum 17,Technopark,4.4,1049,10905,$$$$,0.81,120,0,3,76,75.7,12990,1483,1,1,58868,4.3,2366
Museum,Kerala Science and Technology Museum 61,Kovalam,4.4,1049,9598,$$$$,0.81,120,0,8,109,19.4,13041,374,0,0,21489,4.3,2004
Museum,Vyloppilli Samskrithi Bhavan,Technopark,4.6,1134,5079,$$$,0.52,16,1,143,157,68.9,8000,893,1,0,5911,4.3,4730
Museum,Vyloppilli Samskrithi Bhavan 31,Pattom,3.4,1016,9201,$,0.55,102,0,16,91,74.2,16257,1998,0,1,73698,4.4,1275
Museum,Shri Chitra Art Gallery 40,Palayam,4.5,2600,7326,$$,0.9,189,1,224,34,11.9,196,797,1,0,40368,4.4,3564
Museum,Shri Chitra Art Gallery 58,Ulloor,4.5,8909,13981,$$,0.88,105,0,0,72,38.1,14692,2494,0,0,36601,4.0,1757
Museum,Natural History Museum 12,Shangumugham,4.6,1469,1524,$,0.8,92,1,143,145,57.3,2504,1499,0,1,88145,4.3,571
Museum,Museum of History and Heritage,East Fort,4.6,7888,7425,$$$,0.8,117,0,1,159,37.2,5742,517,1,1,57881,4.2,4150
Museum,Priyadarshini Planetarium 33,Pattom,4.5,2600,3787,$$,0.9,189,1,245,141,68.0,1063,2804,0,0,20549,4.4,2460
Museum,Kuthiramalika Palace Museum 20,Shangumugham,3.8,1827,772,$$$,0.74,102,1,25,176,40.4,18717,2241,0,0,99920,5.0,2633
Museum,Kuthiramalika Palace Museum 64,Pongumoodu,4.5,2600,8731,$$$,0.9,189,1,453,178,30.4,4600,833,0,1,80125,4.4,2575
Museum,Priyadarshini Planetarium,Palayam,4.1,7953,8728,$$,0.78,101,1,449,137,61.3,15314,2133,0,1,76834,3.0,2054
Museum,Shri Chitra Art Gallery 76,Pongumoodu,3.2,6033,3412,$$$$,0.4,116,1,8,116,33.1,16635,2263,1,0,51186,3.7,3285
Museum,Vyloppilli Samskrithi Bhavan 81,Kovalam,4.7,9450,15575,$$,0.86,53,0,2,144,35.0,16086,762,0,1,26126,3.5,2580
Museum,Kuthiramalika Palace Museum 82,Kovalam,3.5,5751,15619,$,0.87,55,0,10,174,55.4,1333,258,0,1,4670,4.9,1122
Museum,Vyloppilli Samskrithi Bhavan 32,Ulloor,4.5,2600,737,$$$$,0.9,189,0,20,153,53.5,5402,534,1,1,61199,4.4,3364
Museum,Shri Chitra Art Gallery 16,Ulloor,3.6,1448,9175,$$$$,0.36,51,0,4,169,45.0,17738,1829,0,0,36401,3.8,2745
Museum,Priyadarshini Planetarium 11,Pattom,3.9,369,19038,$,0.58,74,1,87,47,73.8,7006,461,0,0,87005,3.3,1967
Museum,Natural History Museum 42,Pongumoodu,4.4,1049,18654,$$$$,0.81,120,1,438,149,66.0,6151,290,0,1,12241,4.3,1464
Museum,Kuthiramalika Palace Museum 86,East Fort,3.2,2175,10891,$,0.8,168,1,123,23,29.8,1424,905,1,0,88456,4.5,1915
Museum,Priyadarshini Planetarium 85,Pongumoodu,4.1,2992,9901,$$$,0.34,123,1,148,161,51.3,13352,228,1,1,72439,4.4,4641
Museum,Priyadarshini Planetarium 71,East Fort,4.6,1469,12693,$,0.8,92,0,2,163,63.7,5160,1184,0,1,49421,4.3,2502
Museum,Napier Museum 53,Ulloor,4.6,1469,6161,$,0.8,92,0,18,174,23.3,4374,809,0,1,19498,4.3,113
Museum,Priyadarshini Planetarium 58,Kovalam,4.4,1049,15349,$$,0.81,120,1,218,164,28.8,3351,2936,1,0,37894,4.3,3510
Museum,Museum of History and Heritage 31,Kovalam,3.5,8530,5154,$,0.39,151,1,378,132,15.8,15403,809,0,0,70173,4.3,2198
Museum,Priyadarshini Planetarium 41,Technopark,4.6,1469,8047,$$,0.8,92,1,338,89,34.2,15121,79,0,1,56711,4.3,1672
Museum,Shri Chitra Art Gallery 3,Shangumugham,3.3,4024,18500,$$$$,0.62,33,1,406,45,44.8,13991,285,0,1,35369,3.1,1833
Museum,Priyadarshini Planetarium 74,Ulloor,3.3,3289,17018,$$$$,0.48,96,0,2,156,25.4,9242,1683,0,0,4805,3.3,1423
Museum,Natural History Museum 11,Kovalam,4.5,2600,5842,$$$$,0.9,189,1,199,107,31.5,15037,2306,0,0,26492,4.4,4953
Museum,Natural History Museum 86,Shangumugham,5.0,796,14404,$$,0.39,183,0,1,163,78.9,7751,2765,1,0,35796,4.9,1139
Museum,Priyadarshini Planetarium 3,Ulloor,4.1,7680,11397,$,0.95,189,0,5,162,32.1,8550,2806,1,0,85297,3.4,3329
Museum,Shri Chitra Art Gallery 86,Ulloor,4.2,1662,16251,$$,0.35,43,1,208,175,77.0,12809,668,1,0,31734,4.4,1955
Museum,Shri Chitra Art Gallery 67,Shangumugham,3.4,7449,18798,$$,0.77,81,1,165,99,71.6,9241,2185,1,1,34711,3.3,2220
Museum,Natural History Museum 70,Ulloor,4.6,9358,2458,$$,0.97,87,1,46,55,38.6,3671,1146,0,1,20309,4.4,3701
Museum,Vyloppilli Samskrithi Bhavan 99,Palayam,4.9,5558,11978,$,0.43,78,0,3,30,25.4,7450,1515,1,1,38171,3.8,2140
Museum,Kerala Science and Technology Museum 20,Vazhuthacaud,3.7,7618,17827,$,0.96,193,0,17,36,14.2,3458,174,1,1,7083,3.5,689
Museum,Natural History Museum 21,Palayam,4.9,4091,9405,$$$,0.79,156,1,213,123,70.6,3795,1074,0,0,91402,3.3,1537
Museum,Natural History Museum 38,Palayam,4.2,7075,4500,$$,0.4,196,1,131,153,63.3,7551,2916,1,0,23772,4.0,3597
Museum,Kerala Science and Technology Museum 56,Palayam,4.6,9363,597,$,0.76,46,1,67,113,68.1,6928,741,0,0,25206,4.9,3696
Museum,Kuthiramalika Palace Museum 70,Pattom,3.5,4715,13402,$$,0.35,170,0,1,46,24.6,16076,766,1,0,22296,3.6,4501
Museum,Priyadarshini Planetarium 100,Pongumoodu,5.0,3243,9615,$,0.54,108,0,10,22,45.7,18101,2614,0,1,12746,3.3,3038
Museum,Kuthiramalika Palace Museum 74,Vazhuthacaud,4.5,2600,11027,$$,0.9,189,0,14,87,63.1,12553,1089,1,1,60072,4.4,401
Theatre,Theatre 1,East Fort,3.2,6138,10590,$,0.55,14,0,18,89,40.4,1001,2171,1,1,73956,4.5,3896
Theatre,Theatre 2,Pongumoodu,3.5,6842,15460,$$$$,0.67,16,0,7,23,16.3,13520,1718,0,0,80579,3.7,4778
Theatre,Theatre 3,East Fort,3.7,3681,15240,$$$,0.44,50,0,4,47,69.0,10987,2349,0,1,71064,3.6,808
Theatre,Theatre 4,Pongumoodu,4.7,2309,7421,$$,0.65,7,0,8,135,15.9,565,164,0,0,72155,3.8,2477
Theatre,Theatre 5,Shangumugham,4.5,2183,9109,$$,0.86,37,0,12,136,45.7,1194,335,0,0,54703,4.9,4192
Theatre,Theatre 6,Kowdiar,3.5,736,16346,$$,0.55,3,0,16,159,66.3,13143,1421,1,0,49139,4.2,1306
Theatre,Theatre 7,Vazhuthacaud,4.4,6624,10347,$$$,0.46,9,0,12,34,53.2,8145,1306,1,0,25694,3.9,2840
Theatre,Theatre 8,Palayam,3.5,8215,16030,$$,0.9,30,0,16,116,50.0,13677,2043,1,1,38505,4.1,4310
Theatre,Theatre 9,Pongumoodu,4.3,3642,348,$$$,0.89,17,0,20,174,69.7,16682,2281,0,1,44424,4.1,706
Theatre,Theatre 10,Technopark,3.9,7304,699,$,0.86,17,0,11,105,19.6,18675,1464,0,0,95805,4.9,4401
Theatre,Theatre 11,Kovalam,3.5,8130,11897,$,0.73,23,0,13,96,64.5,10281,780,0,0,49628,4.3,4016
Theatre,Theatre 12,Shangumugham,3.2,4708,1571,$$$$,0.58,6,0,10,35,37.6,14328,2863,1,1,38186,3.1,3083
Theatre,Theatre 13,Pongumoodu,4.9,4264,16565,$$$,0.71,25,0,12,126,31.7,9010,360,0,1,62594,4.1,401
Theatre,Theatre 14,Ulloor,3.9,3870,10887,$,0.36,45,0,13,61,15.6,12498,230,0,0,23467,4.8,1346
Theatre,Theatre 15,Pongumoodu,4.1,6072,4749,$,0.68,3,0,9,119,60.3,14292,1138,0,0,19122,4.8,813
Theatre,Theatre 16,Pongumoodu,4.4,5023,7201,$$$,0.92,9,0,17,99,34.4,6282,111,0,1,36313,4.3,1679
Theatre,Theatre 17,Vazhuthacaud,4.7,1013,9617,$$$$,0.94,6,0,9,59,75.8,1955,2347,1,0,75664,3.3,2273
Theatre,Theatre 18,Pongumoodu,4.0,3876,12166,$$$$,0.43,39,0,14,106,40.8,7227,1617,1,0,13486,4.5,4808
Theatre,Theatre 19,Pattom,4.2,9492,7632,$$$$,0.72,5,0,2,108,61.4,16186,1653,0,0,28610,3.5,1858
Theatre,Theatre 20,Technopark,3.0,5668,3494,$$,0.83,6,0,18,134,77.6,14025,2056,1,1,47635,4.1,4050
Theatre,Theatre 21,Kovalam,4.7,4101,18597,$$$,0.59,2,0,2,150,69.4,19659,2241,1,1,71231,3.1,4968
Theatre,Theatre 22,Shangumugham,4.2,2230,15387,$$$$,0.49,3,0,7,173,69.4,4322,1700,0,1,86246,4.5,1639
Theatre,Theatre 23,Pattom,4.9,86,237,$$$$,0.66,25,0,12,69,34.7,9131,1622,0,0,54553,3.4,4592
Theatre,Theatre 24,Vazhuthacaud,4.0,4717,17088,$$$,0.43,45,0,16,28,19.2,2153,1844,0,1,48486,3.8,615
Theatre,Theatre 25,Ulloor,3.6,3863,2804,$$$$,0.5,15,0,1,110,22.0,1273,1911,0,1,34919,3.0,57
Theatre,Theatre 26,Kowdiar,3.3,6210,8603,$,0.9,30,0,8,171,66.3,1902,2972,0,0,76225,3.7,2988
Theatre,Theatre 27,Shangumugham,4.7,8593,15093,$$,1.0,17,0,14,16,32.3,275,1815,1,0,78928,4.1,4419
Theatre,Theatre 28,Shangumugham,3.8,4272,15613,$$$$,0.49,39,0,13,46,74.0,17035,646,0,0,94099,3.1,2076
Theatre,Theatre 29,East Fort,4.8,6030,8341,$$,0.35,44,0,5,103,77.1,16085,1883,0,0,3017,4.8,3924
Theatre,Theatre 30,East Fort,3.0,2087,736,$$$,0.45,17,0,1,41,41.9,4672,708,1,1,63166,4.4,2104
Theatre,Theatre 31,Ulloor,4.0,1539,13575,$$$,0.42,45,0,4,36,43.1,14331,2935,1,0,73222,4.4,4922
Theatre,Theatre 32,Technopark,3.9,1322,11479,$$$$,0.85,29,0,13,117,56.2,3867,787,1,1,78807,4.1,364
Theatre,Theatre 33,Pongumoodu,3.7,1204,7062,$$$,0.82,18,0,20,71,34.9,15190,1228,1,1,49963,4.4,391
Theatre,Theatre 34,Vazhuthacaud,4.4,2782,943,$$,0.96,22,0,4,95,41.2,2917,801,1,1,67592,3.1,2770
Theatre,Theatre 35,East Fort,4.4,2289,110,$$$$,0.33,10,0,5,100,31.8,12517,2242,1,1,11661,3.8,2441
Theatre,Theatre 36,East Fort,4.0,7695,13038,$$,0.66,29,0,15,113,66.5,10006,645,0,1,97227,4.6,2108
Theatre,Theatre 37,Technopark,4.2,1840,5851,$$,0.98,35,0,7,37,61.5,2944,2390,0,0,50391,3.0,4134
Theatre,Theatre 38,Kowdiar,3.9,6547,19053,$$$$,0.65,50,0,19,38,56.3,17201,1564,1,0,53796,4.9,4793
Theatre,Theatre 39,Pongumoodu,3.2,9784,1095,$,0.66,46,0,8,104,62.2,14100,1168,0,1,39235,3.2,713
Theatre,Theatre 40,Shangumugham,3.2,9002,15109,$,0.72,28,0,18,98,44.3,12520,1251,1,0,723,4.0,50
Theatre,Theatre 41,East Fort,4.9,6502,12617,$$$$,0.48,47,0,15,55,66.0,4369,623,1,1,73537,4.4,3143
Theatre,Theatre 42,Technopark,3.4,6717,13795,$$,0.69,6,0,6,38,22.4,8112,1198,1,1,6782,3.0,2217
Theatre,Theatre 43,Shangumugham,4.1,6994,2981,$$,0.87,45,0,6,146,37.8,4524,1643,1,1,34992,5.0,4577
Theatre,Theatre 44,Vazhuthacaud,3.3,6171,12628,$$,0.52,21,0,8,29,53.3,19900,79,1,0,85755,3.1,3663
Theatre,Theatre 45,Palayam,4.8,8641,18060,$$$$,0.99,3,0,6,168,65.5,2991,2769,0,0,25309,4.4,3089
Theatre,Theatre 46,Technopark,4.1,565,12060,$$$,0.39,50,0,9,76,19.6,1758,337,0,1,17714,4.5,3798
Theatre,Theatre 47,Shangumugham,4.1,5895,13609,$$,0.44,4,0,6,18,48.3,14734,364,0,0,96883,4.5,644
Theatre,Theatre 48,Pattom,3.7,6646,17026,$$$$,0.84,14,0,7,126,65.4,18178,2582,0,0,31072,4.1,2700
Theatre,Theatre 49,Shangumugham,4.2,671,18629,$$,0.45,12,0,10,149,39.8,837,2057,1,1,30815,4.5,2377
Theatre,Theatre 50,Vazhuthacaud,3.6,5047,7913,$$,0.71,9,0,6,133,16.3,16127,1551,0,1,78366,3.7,1217
Attraction,Attraction 1,Kovalam,4.9,8741,13140,$,0.67,40,0,8,75,62.8,8547,2357,1,0,54272,5.0,673
Attraction,Attraction 2,Pattom,3.3,3649,305,$$,0.66,11,0,13,178,55.2,15105,2562,0,1,10828,4.7,3322
Attraction,Attraction 3,Vazhuthacaud,4.2,5817,9142,$,0.84,47,0,8,177,61.7,3767,1591,1,1,62858,3.4,286
Attraction,Attraction 4,Ulloor,3.6,4490,15890,$$$$,0.57,14,0,1,112,50.3,6709,2916,1,1,99400,3.0,3078
Attraction,Attraction 5,Shangumugham,3.7,6369,12812,$$$$,0.42,15,0,1,62,22.1,12459,708,0,1,18883,3.5,646
Attraction,Attraction 6,Kowdiar,3.7,5608,18453,$$$,0.58,42,0,16,71,69.6,3300,2041,0,1,66501,4.6,885
Attraction,Attraction 7,Ulloor,3.1,2948,8244,$$$,0.7,39,0,0,31,65.0,7601,1552,0,1,26698,3.7,2479
Attraction,Attraction 8,Shangumugham,4.8,8234,19612,$$$,0.57,40,0,10,128,72.6,12939,683,0,1,31684,4.2,4621
Attraction,Attraction 9,East Fort,3.3,8168,172,$$,0.98,15,0,15,77,41.1,18158,660,0,0,33880,3.0,3755
Attraction,Attraction 10,East Fort,3.3,3367,16293,$,0.83,19,0,0,26,14.9,788,2493,0,0,93854,3.2,2584
Attraction,Attraction 11,Kowdiar,3.2,7190,3285,$$,0.94,5,0,16,173,41.8,6068,2086,0,0,28835,3.8,2304
Attraction,Attraction 12,Vazhuthacaud,4.4,5889,19892,$,0.49,18,0,2,130,23.9,8668,1258,0,0,72321,3.7,206
Attraction,Attraction 13,Shangumugham,4.9,5635,18201,$$$,0.9,12,0,10,68,57.8,4274,1102,1,0,81919,4.2,4285
Attraction,Attraction 14,East Fort,4.8,1109,1457,$$,0.61,13,0,13,50,33.9,16237,2028,0,1,85691,4.4,3806
Attraction,Attraction 15,Kovalam,3.9,9229,14040,$$,0.65,35,0,11,38,68.7,5716,1118,0,0,31423,3.7,2740
Attraction,Attraction 16,Palayam,4.5,229,10783,$,0.44,20,0,4,63,71.5,12977,2769,0,1,83112,4.6,2362
Attraction,Attraction 17,Pongumoodu,4.5,7472,5790,$$$$,0.99,41,0,3,80,37.2,2397,2339,0,0,84941,3.6,2664
Attraction,Attraction 18,Ulloor,3.5,9220,16594,$$$,0.62,33,0,3,38,48.3,13563,2596,0,1,48315,4.4,3531
Attraction,Attraction 19,Pattom,3.6,7694,10150,$$$,0.87,41,0,11,160,51.0,12094,2672,0,0,83969,4.6,4052
Attraction,Attraction 20,Kowdiar,4.2,4962,17053,$$$,0.92,32,0,2,86,45.4,12862,1895,0,1,24136,4.5,1625
Attraction,Attraction 21,Ulloor,3.9,8257,8993,$$,0.96,32,0,13,65,70.9,6081,2009,1,1,64512,3.1,1135
Attraction,Attraction 22,Pattom,4.2,8947,4258,$$,0.78,37,0,15,53,19.1,11735,157,0,1,83528,3.5,3069
Attraction,Attraction 23,Pattom,4.3,6555,19481,$$$$,0.47,35,0,17,24,53.4,4127,587,0,1,97164,3.2,2055
Attraction,Attraction 24,Shangumugham,3.1,9706,16317,$$$,0.51,27,0,4,59,78.3,2761,321,0,0,87055,4.6,4205
Attraction,Attraction 25,Pattom,4.3,6974,14049,$$,0.42,34,0,1,66,16.5,9745,462,1,0,72950,3.2,781
Attraction,Attraction 26,Pattom,4.6,9635,13588,$$$$,0.8,28,0,6,26,75.1,16808,1931,0,0,83983,3.5,1097
Attraction,Attraction 27,Shangumugham,3.7,367,11552,$,0.94,27,0,20,34,54.9,6837,1691,1,0,78598,3.7,186
Attraction,Attraction 28,Technopark,4.1,144,19239,$$,0.37,29,0,10,26,53.3,14771,2304,1,1,68824,4.4,1743
Attraction,Attraction 29,Kowdiar,3.1,9267,15878,$$$,0.93,34,0,14,74,25.8,14543,1156,0,1,31747,3.7,4410
Attraction,Attraction 30,Pongumoodu,4.9,8836,14733,$$$,0.59,11,0,15,120,70.2,1199,2147,1,1,50154,3.8,589
Attraction,Attraction 31,Kovalam,3.1,1139,4031,$,0.31,44,0,2,20,78.4,10418,2833,0,1,68013,4.2,3297
Attraction,Attraction 32,Vazhuthacaud,4.5,4593,3104,$$$,0.5,40,0,1,141,58.8,9371,2136,0,0,82970,4.6,797
Attraction,Attraction 33,Pongumoodu,5.0,9793,18961,$,0.73,32,0,10,108,60.2,14371,2711,1,0,56153,3.7,2752
Attraction,Attraction 34,Vazhuthacaud,3.1,8785,19386,$,0.64,43,0,12,118,36.1,13028,2951,1,1,7546,3.5,312
Attraction,Attraction 35,East Fort,3.1,2119,9502,$$,0.74,2,0,5,55,50.3,2672,2662,1,0,10454,4.5,4588
Attraction,Attraction 36,Pattom,4.5,3129,8595,$,0.97,37,0,20,39,27.2,18837,614,1,0,50514,3.9,2721
Attraction,Attraction 37,Kowdiar,3.8,4606,18793,$$$,0.8,43,0,19,54,76.9,16827,513,0,1,51934,4.1,297
Attraction,Attraction 38,Pattom,3.5,7751,16985,$$$$,0.39,32,0,0,47,42.1,4598,2676,1,0,58281,3.8,1997
Attraction,Attraction 39,Kowdiar,4.4,6614,11934,$$$$,0.89,17,0,11,109,57.9,14532,2295,1,1,42551,3.6,1428
Attraction,Attraction 40,Kowdiar,3.4,9216,5768,$$$,0.8,20,0,11,75,78.9,3194,1095,1,0,53711,3.8,2617
Attraction,Attraction 41,Pongumoodu,3.0,7818,18025,$,0.39,27,0,18,98,38.8,12681,1391,0,0,16367,4.8,487
Attraction,Attraction 42,Kowdiar,3.9,4191,12548,$$$$,0.76,1,0,17,64,73.3,11175,1009,0,0,12081,4.8,2614
Attraction,Attraction 43,Pattom,3.4,9943,6403,$$$,0.57,40,0,5,176,54.3,15678,340,1,1,51971,4.3,3945
Attraction,Attraction 44,Pattom,3.6,9001,15311,$,0.51,25,0,1,166,12.8,4576,2683,1,0,88487,4.1,1321
Attraction,Attraction 45,Kowdiar,3.3,1625,6067,$$$$,0.33,21,0,13,163,11.1,19792,1321,0,0,96296,3.1,1290
Attraction,Attraction 46,Technopark,3.0,193,7182,$,0.76,4,0,19,123,61.7,14591,1335,1,0,9700,4.3,4258
Attraction,Attraction 47,Pongumoodu,4.0,118,8440,$$,0.42,26,0,13,171,48.8,4136,2943,0,0,45804,4.9,1738
Attraction,Attraction 48,Vazhuthacaud,4.0,1256,6108,$$$,0.59,16,0,15,122,77.5,6930,556,1,1,54746,4.7,1558
Attraction,Attraction 49,Palayam,4.2,6924,10778,$$$,0.69,10,0,8,15,66.9,1105,1479,1,0,69497,4.6,3157
Attraction,Attraction 50,Pattom,4.8,4732,8757,$$$$,0.41,18,0,19,158,15.8,11996,598,0,1,70396,3.1,3748
Boutique,Lulu Fashion Store,Pattom,3.1,566,17586,$$$,0.38,25,0,4,15,38.1,796,1720,1,1,2645,3.7,4598
Boutique,Kalyan Silks,Palayam,3.8,7741,10657,$$$,0.62,32,0,0,110,78.6,1994,492,0,0,1125,3.2,3336
Boutique,Weavers Village,Shangumugham,3.2,4386,6397,$$$$,0.91,15,0,11,116,47.7,1730,1058,0,0,1635,4.4,607
Boutique,Vibgyor Boutique,Ulloor,3.8,8240,18277,$$$$,0.39,13,0,20,88,59.4,2512,1622,1,0,37,3.7,4724
Boutique,Vibgyor Boutique 79,Technopark,4.1,7745,11652,$,0.3,30,0,1,101,55.4,2930,1879,1,1,4568,3.8,3562
Boutique,Ritu Kumar,Kowdiar,4.5,6764,13703,$,0.96,39,0,15,81,17.8,4304,344,0,0,3381,3.1,20
Boutique,Jayalakshmi Silks 43,Technopark,3.8,9433,1043,$,0.55,45,0,2,110,41.1,1637,1005,0,1,3446,4.7,334
Boutique,Seematti,East Fort,4.4,7170,6721,$$$$,0.62,23,0,4,117,38.7,4794,2703,1,1,3522,4.9,3342
Boutique,Amour Boutique 32,Kovalam,4.8,705,6564,$$$,0.37,10,0,1,66,64.4,3672,1907,0,0,2952,4.5,1795
Boutique,Tana Bana 11,Palayam,4.7,6718,2956,$,0.53,1,0,20,39,22.9,1034,2555,1,0,1786,4.6,3413
Boutique,Threads & Hues,Shangumugham,4.2,9742,6271,$$$,0.97,35,0,7,104,22.5,1990,2708,0,0,3660,4.8,3354
Boutique,Jayalakshmi Silks,Pattom,4.7,6336,16658,$,0.94,50,0,12,54,38.4,3268,2482,0,0,637,3.3,586
Boutique,Raiment Trends,East Fort,3.0,6761,17075,$$,0.42,9,0,4,39,74.0,2923,676,0,0,4086,3.8,3941
Boutique,Jayalakshmi Silks 12,Pattom,3.4,7681,11289,$$$,0.78,49,0,5,22,79.0,3263,588,1,1,2960,4.7,4674
Boutique,Jayalakshmi Silks 34,Kowdiar,3.4,9834,15278,$$,0.65,50,0,20,60,50.8,883,1495,1,0,4679,3.1,3239
Boutique,Raiment Trends 68,Vazhuthacaud,3.8,136,1346,$$$$,0.55,22,0,19,76,31.0,4618,962,1,0,2535,4.4,1481
Boutique,Fashion Station,Vazhuthacaud,3.4,3113,12195,$,0.57,50,0,2,24,23.1,2383,243,0,0,1032,4.9,4094
Boutique,Tana Bana,Vazhuthacaud,3.4,576,11784,$$,0.84,46,0,17,43,31.8,2739,1865,0,0,1607,3.5,3980
Boutique,Ritu Kumar 95,Kovalam,3.8,163,13810,$,0.49,46,0,14,21,53.4,3426,1707,1,1,4347,3.8,3206
Boutique,Vibgyor Boutique 82,East Fort,4.2,8905,7660,$,0.66,24,0,13,71,17.6,1529,1346,1,0,1568,3.2,4815
Boutique,Sthala Boutique 75,Palayam,4.2,9261,15004,$$$$,0.87,1,0,8,6,22.6,2183,849,0,0,1428,3.8,2858
Boutique,Kalyan Silks 96,Kovalam,3.6,1420,6025,$$,0.53,43,0,19,80,74.8,3689,54,0,0,1654,3.2,2598
Boutique,FabIndia 60,Pattom,4.3,6915,12285,$$$,0.35,8,0,19,67,17.1,855,382,1,0,4786,3.5,4049
Boutique,Vibgyor Boutique 65,Vazhuthacaud,3.2,6847,14487,$$$,0.61,4,0,13,82,17.1,3040,2812,1,1,1405,4.9,695
Boutique,Ritu Kumar 22,Ulloor,4.1,2902,6028,$$$$,0.3,3,0,8,46,53.5,365,380,0,1,3973,3.4,2520
Boutique,Tendulkar Boutique,Technopark,4.2,3398,16256,$$,0.86,50,0,14,82,36.3,4700,2329,1,0,1575,3.2,1558
Boutique,Tendulkar Boutique 79,Kovalam,3.6,9417,3001,$$,0.79,38,0,1,73,60.1,724,1705,1,0,2994,4.5,2891
Boutique,Seematti 47,Pongumoodu,3.3,1508,13010,$,0.73,11,0,4,88,64.1,871,1309,1,1,3267,3.6,231
Boutique,Fashion Station 18,Shangumugham,4.5,9184,5062,$,0.57,34,0,17,32,43.3,1156,2307,0,0,2151,3.2,2726
Boutique,Tendulkar Boutique 98,Kowdiar,4.3,5165,9754,$,0.95,7,0,15,74,43.6,1321,2412,1,0,4731,3.4,1114
Boutique,Jayalakshmi Silks 98,Technopark,4.9,4237,18863,$$$,0.84,41,0,0,18,46.7,4397,2132,0,0,4251,3.7,3860
Boutique,Tendulkar Boutique 89,Palayam,3.6,7273,10016,$$$,0.65,6,0,1,25,62.6,3564,650,1,1,4263,3.8,1106
Boutique,Sthala Boutique 70,East Fort,5.0,3808,16663,$$$,0.73,38,0,18,88,68.8,831,1296,0,0,3079,4.6,1261
Boutique,Tana Bana 19,East Fort,4.3,2729,12532,$$,0.76,14,0,3,34,11.0,4235,151,1,1,2029,4.3,2835
Boutique,Sthala Boutique 98,Shangumugham,4.2,6333,4325,$,0.38,41,0,3,110,28.2,2352,811,1,1,2547,3.6,3003
Boutique,Lulu Fashion Store 11,Pongumoodu,4.1,8238,7950,$,0.99,12,0,5,25,34.9,4487,2148,1,1,3303,3.9,3837
Boutique,FabIndia,Pattom,4.3,9049,17593,$$$$,0.4,15,0,7,104,27.1,4751,595,1,1,2278,3.5,2404
Boutique,Amour Boutique,Vazhuthacaud,4.6,9972,19196,$$,0.93,37,0,11,48,51.4,3721,1353,1,1,1179,4.5,3387
Boutique,Lulu Fashion Store 17,Kowdiar,3.2,5613,12045,$$,0.81,15,0,16,5,60.7,1333,1152,0,1,3111,4.9,4714
Boutique,Weavers Village 26,Pattom,4.7,9278,6069,$$$$,0.69,45,0,15,38,19.0,267,79,0,0,1106,4.5,1385
Boutique,Kalyan Silks 67,Pattom,3.6,5369,14513,$$,0.54,32,0,1,80,56.9,2393,95,1,1,340,4.2,3784
Boutique,Sthala Boutique,Palayam,4.9,6416,4038,$$$$,0.69,25,0,14,33,62.5,1601,2559,0,1,755,4.6,970
Boutique,Ritu Kumar 80,Technopark,4.1,1501,279,$$$,0.42,26,0,17,78,27.4,4697,1258,1,0,4188,4.6,4432
Boutique,Sthala Boutique 61,Palayam,4.3,7732,11953,$,0.92,34,0,1,115,14.6,4577,1806,0,1,3079,3.7,2091
Boutique,Weavers Village 97,Palayam,3.8,8172,7835,$$$$,0.36,5,0,1,82,48.1,4826,595,1,1,1334,4.5,3650
Boutique,Sthala Boutique 10,East Fort,3.6,5064,3527,$$$,0.66,23,0,9,10,14.8,4272,2559,0,0,3067,4.9,448
Boutique,Ritu Kumar 35,Shangumugham,4.5,6888,14293,$,0.96,23,0,19,74,36.6,3550,2894,1,1,2061,4.1,1457
Boutique,Ritu Kumar 91,Palayam,4.4,5559,8539,$$$$,0.48,46,0,1,108,60.2,1840,2985,0,1,454,4.7,3947
Boutique,Weavers Village 71,Pattom,4.4,1647,9130,$$$,1.0,10,0,9,16,16.6,2523,740,1,1,4509,4.5,2127
Boutique,Kalyan Silks 53,Kowdiar,3.5,7499,5733,$$$,0.69,4,0,17,94,48.4,1883,2900,0,0,3998,4.9,4921
Temple,Temple 1,Pongumoodu,4.6,3728,8793,$$$$,0.76,197,0,15,89,30.3,2063,173,0,1,4515,3.8,3714
Temple,Temple 2,Kowdiar,3.7,1697,9711,$,0.64,57,1,392,9,43.2,551,228,1,0,2062,3.1,3151
Temple,Temple 3,Technopark,4.5,8560,9443,$,0.54,133,0,16,26,13.3,595,1711,1,1,4514,4.8,1452
Temple,Temple 4,Pongumoodu,3.4,947,2188,$$$,0.92,9,1,268,39,29.5,2566,2641,0,0,3876,3.6,711
Temple,Temple 5,Palayam,4.5,3874,6071,$$,0.91,60,0,4,109,11.2,2499,1829,0,1,3003,4.6,1813
Temple,Temple 6,Kowdiar,3.7,8954,6069,$$,0.77,110,0,17,23,10.1,2928,1875,0,0,3525,4.8,4917
Temple,Temple 7,East Fort,3.3,6420,7897,$$,0.74,96,1,106,106,56.4,1822,2331,0,0,3527,3.5,112
Temple,Temple 8,Kovalam,4.3,4521,11012,$$$$,0.48,150,0,4,75,69.6,3428,2309,1,0,4684,4.3,3392
Temple,Temple 9,Palayam,4.9,6362,1728,$$$$,0.42,184,1,435,107,62.8,975,727,0,0,3707,4.4,1108
Temple,Temple 10,Vazhuthacaud,4.7,2306,2626,$$$$,0.66,130,0,5,39,12.9,2009,1112,1,1,2941,3.5,2826
Temple,Temple 11,East Fort,4.3,3583,7042,$$,0.61,65,0,11,102,16.5,3229,235,1,1,33,4.4,4611
Temple,Temple 12,Shangumugham,4.8,4642,12817,$$$$,0.89,37,0,2,73,43.9,990,1705,0,1,4707,4.6,875
Temple,Temple 13,Pattom,4.7,4446,3470,$$$$,0.94,129,0,6,111,50.1,4778,1701,1,0,1852,4.0,23
Temple,Temple 14,Technopark,3.5,2891,17396,$$$$,0.73,17,1,221,31,32.6,1937,2698,0,0,3442,4.6,1305
Temple,Temple 15,Kovalam,4.3,7555,4062,$$,0.86,37,1,332,27,45.1,1135,2053,1,1,269,3.3,4872
Temple,Temple 16,Pattom,3.9,8921,11189,$$$,0.71,165,1,186,32,51.5,525,1467,1,1,1882,3.5,2461
Temple,Temple 17,Vazhuthacaud,3.9,8701,7976,$$$,0.47,28,0,10,8,20.4,4800,1569,1,0,4766,3.2,3790
Temple,Temple 18,Pattom,3.6,2756,73,$$,0.73,196,1,360,79,35.7,4337,782,0,1,911,3.2,1324
Temple,Temple 19,Kowdiar,4.5,6212,6195,$$$$,0.96,189,1,245,73,38.0,2614,2203,0,0,935,3.7,998
Temple,Temple 20,Kowdiar,4.2,1309,14112,$$,0.35,69,0,9,71,28.8,2272,309,0,1,737,4.9,1531
Temple,Temple 21,East Fort,3.9,5291,12088,$,0.82,143,1,291,117,24.0,1256,1282,0,0,1566,4.9,393
Temple,Temple 22,Kovalam,4.1,3158,4179,$,0.8,17,1,445,11,55.7,344,2544,1,1,1901,4.3,3072
Temple,Temple 23,Pattom,3.9,5129,5968,$$,0.82,123,0,9,41,22.3,480,1673,1,1,623,4.1,2135
Temple,Temple 24,East Fort,3.6,9426,17880,$,0.57,158,1,315,37,30.6,714,2580,0,0,220,3.3,4904
Temple,Temple 25,Pattom,4.9,6838,10304,$$$,0.31,173,1,130,75,18.3,4946,437,1,1,2037,3.5,3150
Temple,Temple 26,Palayam,3.3,9122,5811,$$,0.97,107,0,0,36,45.6,4308,1576,1,0,3276,4.0,793
Temple,Temple 27,Pattom,3.1,1766,18065,$$,0.86,28,0,4,90,67.6,400,2942,0,1,3664,4.8,1654
Temple,Temple 28,Technopark,3.9,3106,18038,$$$,0.98,60,0,1,115,39.9,2556,2790,0,1,998,4.3,1451
Temple,Temple 29,East Fort,4.5,9195,9399,$$$,0.96,29,1,120,114,72.8,4896,923,1,1,861,4.0,3991
Temple,Temple 30,East Fort,4.4,9984,7441,$$$,0.47,119,1,423,63,72.7,4391,2662,0,0,1667,3.2,3763
Temple,Temple 31,Ulloor,4.6,3142,10074,$$$$,0.99,121,1,100,86,51.4,4065,446,1,0,647,4.1,1576
Temple,Temple 32,Shangumugham,3.9,6356,6118,$$$,0.57,106,1,137,44,78.4,4269,1987,0,0,3011,5.0,4694
Temple,Temple 33,Palayam,4.3,3545,18264,$$$,0.33,46,0,15,62,59.1,3341,2622,0,0,4245,4.0,4316
Temple,Temple 34,Palayam,4.2,8565,17678,$$$,0.38,41,1,103,60,64.6,2533,525,0,0,4905,3.7,1779
Temple,Temple 35,Ulloor,4.6,3139,14524,$$$$,0.74,57,0,20,5,68.5,340,1664,1,1,3566,4.4,4455
Temple,Temple 36,Shangumugham,4.6,6585,14257,$,0.94,164,0,6,113,59.0,1745,2696,0,0,465,4.6,323
Temple,Temple 37,East Fort,3.5,3463,6821,$$,0.63,122,1,419,22,56.1,1593,2732,1,1,758,4.2,4094
Temple,Temple 38,Ulloor,4.9,3040,19257,$,0.77,166,1,268,114,70.8,2228,490,0,0,556,4.2,3726
Temple,Temple 39,Ulloor,4.7,349,1587,$$$$,0.64,148,1,343,111,52.6,3969,490,1,0,4902,3.3,4074
Temple,Temple 40,Shangumugham,3.7,6377,2930,$$$$,0.54,31,0,4,110,10.5,2377,2660,1,0,1604,4.0,1353
Temple,Temple 41,Pongumoodu,3.5,1097,19221,$,0.48,47,0,17,53,31.1,416,714,1,0,3165,4.9,3148
Temple,Temple 42,Pattom,4.1,234,13791,$,0.92,165,1,35,116,16.3,2517,988,1,0,2371,4.2,855
Temple,Temple 43,Vazhuthacaud,3.3,6470,12566,$$$,0.44,133,1,418,23,66.9,143,198,0,0,2467,3.8,3732
Temple,Temple 44,Technopark,5.0,1805,3571,$$,0.78,118,1,414,99,11.5,3271,1067,0,0,482,3.4,3774
Temple,Temple 45,Pattom,4.3,7169,14439,$,0.66,28,0,1,65,38.7,1504,2388,0,1,1525,3.5,1766
Temple,Temple 46,East Fort,3.5,6053,12114,$$,0.57,84,1,406,84,58.5,3489,123,1,1,2735,4.2,3225
Temple,Temple 47,Technopark,4.4,7051,2681,$$$,0.31,146,0,15,107,39.8,4699,201,0,1,2809,4.5,3680
Temple,Temple 48,Palayam,3.5,6742,7889,$$,0.56,153,0,17,8,16.4,4845,953,0,1,1412,4.8,3994
Temple,Temple 49,Palayam,3.7,3318,2540,$$$,0.59,36,1,296,38,62.6,4174,161,0,1,4072,3.5,4504
Temple,Temple 50,Pattom,4.4,3025,5362,$$,0.83,124,1,412,42,12.5,4780,590,0,0,332,3.4,214
Church,Church 1,Vazhuthacaud,3.3,6933,19134,$$,0.86,43,1,466,49,30.1,4614,96,1,0,3794,4.4,352
Church,Church 2,Pongumoodu,4.1,2963,7076,$$$$,1.0,93,1,314,72,31.7,520,1402,0,1,850,3.5,1700
Church,Church 3,Palayam,3.8,4029,10671,$$$$,0.54,30,1,436,8,29.9,1613,141,0,1,1636,3.0,3943
Church,Church 4,Kovalam,3.8,8732,3216,$$$,0.74,20,1,285,110,17.1,3163,1777,0,1,2231,3.1,1225
Church,Church 5,Pattom,4.1,4940,13944,$$$,0.85,97,1,250,10,31.2,2386,1568,0,1,2055,4.9,1101
Church,Church 6,Pattom,3.5,9406,5282,$$$,0.51,132,0,7,31,56.4,2294,1824,0,0,2546,4.5,2952
Church,Church 7,Palayam,5.0,9861,7012,$$$,0.96,123,1,266,80,17.2,2396,1755,0,0,3901,4.6,3052
Church,Church 8,Palayam,4.7,4070,12775,$$$,0.8,15,1,251,45,55.5,3884,1867,1,0,3168,4.8,1168
Church,Church 9,Pongumoodu,3.3,1011,16909,$$$,0.74,38,1,294,30,27.0,2085,1893,0,1,1784,4.4,4583
Church,Church 10,Kovalam,3.8,911,14407,$$$,0.65,190,0,19,24,39.5,2528,1949,0,1,4429,3.5,3143
Church,Church 11,Kowdiar,4.8,9799,17985,$$$,0.48,30,0,7,53,43.8,2049,2368,1,1,2436,3.5,999
Church,Church 12,Vazhuthacaud,3.7,165,5761,$$,0.68,25,1,145,86,63.9,3148,2982,1,1,3078,3.4,1478
Church,Church 13,Kowdiar,4.7,1639,10012,$$$,0.39,145,1,259,48,11.7,1484,259,1,0,4481,3.9,2611
Church,Church 14,Pongumoodu,3.6,822,1356,$,0.42,6,1,239,85,62.5,259,146,0,1,4502,3.4,2297
Church,Church 15,Technopark,3.7,1375,14700,$,0.84,32,0,9,22,65.1,2952,2529,1,1,4101,4.0,4820
Church,Church 16,Pattom,4.3,4874,18242,$$$$,0.46,60,0,2,72,13.6,3572,2264,0,1,1326,4.3,4200
Church,Church 17,Kovalam,4.1,3255,9521,$,0.68,99,1,482,96,34.5,3881,2693,1,1,2616,4.1,933
Church,Church 18,Ulloor,4.8,8297,10232,$$,0.73,125,1,78,32,47.1,1529,1119,1,1,420,3.5,1019
Church,Church 19,Pattom,4.4,5403,6180,$$,0.63,171,0,14,88,73.7,1454,2860,1,0,822,4.7,2603
Church,Church 20,Vazhuthacaud,5.0,5446,7468,$$,0.52,93,1,354,116,37.7,1874,2759,1,1,3460,4.8,3556
Church,Church 21,Vazhuthacaud,3.3,5524,2881,$$,0.92,194,1,32,32,77.8,4811,770,1,0,1095,3.3,3726
Church,Church 22,Pattom,4.3,1814,17232,$$$$,0.4,84,1,402,72,31.5,1291,2665,1,1,695,4.5,337
Church,Church 23,Pongumoodu,3.3,1166,13771,$$$$,0.65,121,1,303,99,79.9,4971,1528,0,0,4774,4.2,2620
Church,Church 24,Vazhuthacaud,3.7,3960,3982,$,0.59,140,0,5,38,41.9,4822,1613,0,1,430,4.7,2451
Church,Church 25,Pongumoodu,3.6,3735,8477,$$,0.72,35,0,13,100,43.7,3125,2716,0,1,2257,3.2,1181
Church,Church 26,Kovalam,4.5,3343,5667,$,0.51,80,1,468,41,29.1,1614,1172,1,1,3799,4.0,4410
Church,Church 27,Vazhuthacaud,4.0,9699,9376,$,0.83,186,0,15,29,48.3,1080,2402,1,0,938,4.8,401
Church,Church 28,Technopark,4.0,6789,13743,$,0.84,126,1,303,21,39.3,4187,440,1,0,1221,3.5,2089
Church,Church 29,Kowdiar,3.4,6471,19880,$$$$,0.83,99,1,300,8,59.6,1640,2514,0,0,3012,3.1,2002
Church,Church 30,Kowdiar,3.4,6353,14058,$,0.59,100,0,14,14,68.5,245,473,1,1,3753,3.6,3252
Church,Church 31,Vazhuthacaud,3.6,2267,13060,$$$,0.34,180,1,430,85,43.0,4920,330,0,0,3018,4.3,312
Church,Church 32,Vazhuthacaud,4.8,884,18243,$$$,0.91,183,1,416,69,54.9,3155,627,1,0,1937,4.3,3056
Church,Church 33,Vazhuthacaud,3.4,2762,7067,$$,0.73,58,1,134,46,18.8,911,2053,1,1,3923,4.8,2230
Church,Church 34,Technopark,4.8,1128,4886,$,0.75,9,0,16,89,78.3,2755,2099,0,0,4491,4.8,328
Church,Church 35,East Fort,4.1,8835,2078,$$$$,0.99,33,1,247,108,14.2,1913,403,0,1,1662,4.4,1139
Church,Church 36,Kowdiar,3.3,7163,1673,$,0.87,197,0,2,113,17.6,904,2549,1,1,1827,4.0,3042
Church,Church 37,Pongumoodu,4.7,4774,4909,$$$,0.66,82,1,338,94,23.0,1678,1191,0,0,2054,4.4,1443
Church,Church 38,East Fort,4.1,3574,17213,$,0.97,47,0,8,61,74.0,2339,2803,1,0,264,5.0,1626
Church,Church 39,Pattom,4.2,9577,6265,$$$,0.9,20,1,1,47,61.0,3788,1083,1,0,4124,4.8,2869
Church,Church 40,Vazhuthacaud,4.6,3328,379,$,0.9,174,0,6,61,63.4,575,823,0,1,3358,3.9,1117
Church,Church 41,Pattom,4.4,8608,14348,$$$$,0.31,23,0,10,65,41.4,599,1450,0,0,2635,3.5,327
Church,Church 42,Ulloor,3.7,2377,14210,$$$$,0.46,32,0,13,54,39.4,3354,1332,0,0,3801,3.9,4874
Church,Church 43,Pongumoodu,3.2,8211,1526,$$$$,0.52,171,1,87,62,63.4,739,1704,1,0,2403,3.4,2911
Church,Church 44,Ulloor,3.3,9577,9647,$$$$,0.73,175,0,11,6,35.5,878,1425,0,1,2869,4.4,3533
Church,Church 45,Kowdiar,3.8,8027,12142,$$$,0.54,33,1,138,98,28.4,1906,917,1,1,4402,3.3,4804
Church,Church 46,Shangumugham,4.5,274,19637,$$$,0.87,173,0,4,107,66.0,438,551,1,1,3465,3.8,193
Church,Church 47,Vazhuthacaud,3.9,4044,1065,$$$$,0.88,90,1,21,44,10.5,3185,836,0,1,4617,3.0,1080
Church,Church 48,Vazhuthacaud,3.0,8667,5636,$$$$,0.9,97,0,3,55,45.3,1724,2021,0,1,2385,4.3,68
Church,Church 49,Vazhuthacaud,4.7,2537,19364,$$,0.8,142,1,227,65,34.2,1110,1069,0,1,4401,3.4,4921
Church,Church 50,Shangumugham,3.2,6368,10186,$,0.76,184,1,103,62,29.8,4280,2138,1,0,3058,4.6,1574
Palace,Palace 1,Kowdiar,4.1,7506,6170,$$$$,0.79,71,1,105,47,62.2,3510,2181,0,0,4576,4.9,481
Palace,Palace 2,Ulloor,3.7,5412,19592,$,0.55,38,0,9,104,33.3,2448,2038,0,1,2861,3.6,3688
Palace,Palace 3,Pongumoodu,4.3,1623,11671,$$$$,0.73,98,0,3,58,18.5,3686,2333,0,0,2968,3.4,237
Palace,Palace 4,Pongumoodu,3.9,6408,10383,$$,0.32,181,1,112,119,21.0,2613,2511,0,0,4315,4.9,770
Palace,Palace 5,Technopark,4.8,4387,5394,$$$$,0.61,118,1,476,105,20.8,110,837,0,0,1133,3.8,4648
Palace,Palace 6,East Fort,4.1,7106,8838,$$$,0.61,98,0,15,77,55.5,1100,2452,0,1,4752,3.6,967
Palace,Palace 7,Vazhuthacaud,3.2,5982,19244,$$$$,0.8,30,0,9,86,43.6,4205,1330,1,0,3149,3.8,2673
Palace,Palace 8,Technopark,3.8,1240,6659,$$,0.62,63,0,14,103,72.6,2027,2122,0,0,4177,4.8,1057
Palace,Palace 9,Technopark,4.0,413,1492,$,0.61,69,0,1,83,25.6,3648,1248,1,1,2457,3.8,3031
Palace,Palace 10,Kovalam,3.2,1059,6373,$$$,0.61,21,0,1,45,56.6,1969,484,1,1,4255,3.8,3809
Palace,Palace 11,Vazhuthacaud,4.2,5268,8842,$$$$,0.81,49,0,16,53,19.6,4253,1811,0,0,24,3.3,4518
Palace,Palace 12,Kovalam,3.9,1602,13616,$$$$,0.51,82,1,328,75,73.0,4986,2423,0,0,2171,3.2,3495
Palace,Palace 13,Ulloor,3.1,9233,4733,$,0.75,136,0,1,8,34.4,779,2739,1,1,2428,4.8,2965
Palace,Palace 14,Technopark,3.9,6977,13700,$$,0.86,190,0,11,43,38.4,3033,229,1,1,905,3.4,3047
Palace,Palace 15,Vazhuthacaud,3.7,7303,3098,$$$$,0.7,166,0,7,12,78.4,1609,496,0,1,1838,3.3,2173
Palace,Palace 16,Pongumoodu,3.5,1571,4546,$$$$,0.5,11,0,19,93,45.6,4259,2473,0,1,1676,4.7,2485
Palace,Palace 17,East Fort,3.1,7376,19189,$$$,0.72,51,1,160,14,41.4,4103,225,0,0,4202,4.9,3995
Palace,Palace 18,Technopark,4.1,9157,9154,$$,0.56,136,0,3,104,27.5,529,349,0,1,4266,4.8,2731
Palace,Palace 19,East Fort,4.6,3037,19371,$,0.69,86,1,302,36,33.2,3477,1192,1,1,3768,3.6,3130
Palace,Palace 20,Pongumoodu,4.8,6581,898,$$$$,0.44,121,0,12,11,72.7,2272,968,0,0,3479,3.7,824
Palace,Palace 21,Kowdiar,3.1,9818,15098,$$$,0.48,57,0,8,51,65.9,1127,2332,0,0,2192,4.2,1702
Palace,Palace 22,Pattom,3.8,6390,18422,$,0.98,138,0,18,116,30.7,1822,1775,0,0,1047,4.2,3026
Palace,Palace 23,East Fort,4.5,9638,17503,$,1.0,31,0,0,76,10.7,4177,1513,1,1,3821,5.0,3422
Palace,Palace 24,Ulloor,3.8,1808,18613,$$,0.38,172,1,431,42,67.5,2190,2828,0,0,3827,3.8,2875
Palace,Palace 25,Ulloor,4.6,8070,19373,$$$,0.34,137,1,55,95,37.0,44,544,0,1,3162,4.3,4562
Palace,Palace 26,Technopark,3.5,4647,7433,$$$,0.75,113,1,121,57,20.5,383,179,1,0,365,4.8,3261
Palace,Palace 27,Technopark,3.3,4231,1144,$$$,0.4,151,1,107,114,30.4,3407,2939,0,0,3777,3.8,4326
Palace,Palace 28,Kovalam,4.5,6904,10143,$$$$,0.52,176,1,317,53,67.3,530,2473,1,0,3242,3.1,4553
Palace,Palace 29,Vazhuthacaud,3.9,4144,17067,$$$,0.84,184,0,13,52,64.5,1739,629,0,0,3193,3.5,2667
Palace,Palace 30,Kowdiar,3.7,1456,15699,$$$$,0.46,124,1,466,59,48.5,1131,586,0,1,2994,3.6,4694
Palace,Palace 31,Kovalam,3.6,2948,12226,$$$,0.94,10,0,10,39,47.7,1974,2838,0,1,1384,3.3,4195
Palace,Palace 32,Kovalam,4.1,2045,5870,$$$,0.58,58,1,390,102,45.1,4636,1173,0,0,4271,3.4,237
Palace,Palace 33,Palayam,4.9,1103,10444,$$$,0.68,110,1,81,25,39.9,4231,2444,1,1,2993,4.5,1893
Palace,Palace 34,Palayam,4.0,4691,3084,$$$,0.54,47,1,196,106,48.3,1868,1415,1,0,1893,3.0,4870
Palace,Palace 35,Ulloor,4.6,12,19463,$,0.9,132,1,214,105,14.0,125,2444,0,1,3596,3.7,1797
Palace,Palace 36,Vazhuthacaud,4.7,1017,1578,$$,0.57,146,0,9,22,72.5,3757,2662,1,0,467,3.7,1444
Palace,Palace 37,Pattom,4.3,7072,9969,$$,0.33,47,0,8,118,48.9,3112,2854,1,1,3835,4.2,2253
Palace,Palace 38,Vazhuthacaud,4.2,2205,13596,$,0.89,35,0,12,59,54.1,1080,1062,1,0,2838,4.2,3457
Palace,Palace 39,Vazhuthacaud,4.2,5405,10681,$$,0.91,183,1,407,15,31.7,1884,2793,1,0,3828,3.2,3806
Palace,Palace 40,Shangumugham,4.0,6293,17992,$,0.69,152,0,8,99,76.1,1486,1813,1,1,2866,4.9,808
Palace,Palace 41,Ulloor,3.8,8737,12422,$,0.75,128,0,14,73,65.7,944,1418,0,1,2877,4.5,1660
Palace,Palace 42,Pattom,4.2,6190,17996,$,0.59,173,0,15,97,25.9,2429,2684,1,1,2673,3.6,763
Palace,Palace 43,Kovalam,4.4,6506,7007,$,0.37,137,1,309,77,50.7,3994,1850,1,1,1285,4.8,1367
Palace,Palace 44,Ulloor,3.2,7856,2546,$$,0.53,90,1,348,103,77.8,4145,2730,0,1,3378,4.7,1991
Palace,Palace 45,Shangumugham,4.4,6414,2830,$$$$,0.41,148,1,240,106,64.5,1508,688,0,1,472,3.6,1853
Palace,Palace 46,Pattom,3.6,8023,16110,$,0.85,14,0,17,6,20.0,1869,1414,1,0,1030,4.6,3782
Palace,Palace 47,Pattom,3.8,2534,6217,$,0.45,126,1,41,91,38.6,1892,2389,0,1,287,3.3,1512
Palace,Palace 48,Shangumugham,4.9,5160,10212,$$$$,0.98,19,1,269,55,69.7,3923,1032,1,1,2954,3.9,4567
Palace,Palace 49,East Fort,3.0,4936,694,$$$$,0.7,133,0,20,55,27.4,3938,2595,0,0,2928,4.7,4732
Palace,Palace 50,Shangumugham,4.7,1888,19551,$,0.92,154,1,73,36,44.4,3105,2347,1,0,2483,3.9,3870
Antique Store,Antique Store 1,Ulloor,3.5,5324,7782,$$$$,0.67,21,0,8,12,72.0,3891,1733,1,0,4884,4.5,2286
Antique Store,Antique Store 2,Kowdiar,3.1,596,13070,$,0.36,19,0,2,7,61.7,3667,2142,0,0,1944,3.6,613
Antique Store,Antique Store 3,Vazhuthacaud,3.4,6367,10767,$$$,0.6,43,0,4,55,50.8,765,2494,0,1,2478,3.6,2291
Antique Store,Antique Store 4,Pongumoodu,3.1,1724,2751,$$,0.35,31,0,12,17,73.0,1369,2289,0,0,4110,3.5,3387
Antique Store,Antique Store 5,Technopark,3.6,2759,12998,$$$,0.58,44,0,2,31,49.2,2892,1038,0,0,1062,4.1,2674
Antique Store,Antique Store 6,Kovalam,3.3,432,7694,$$$$,0.74,41,0,7,6,38.5,3139,2286,0,0,4785,4.8,3465
Antique Store,Antique Store 7,Ulloor,4.6,7533,16183,$$$$,0.67,17,0,20,7,41.6,4114,464,1,0,4165,3.3,3549
Antique Store,Antique Store 8,Kowdiar,3.3,2912,11246,$$,0.88,27,0,16,50,63.6,2497,1866,0,1,792,4.7,1739
Antique Store,Antique Store 9,Kowdiar,4.7,5698,561,$$$,0.56,9,0,5,60,13.4,2937,1314,1,1,4849,3.5,4442
Antique Store,Antique Store 10,Pattom,3.8,5180,8492,$,0.33,6,0,8,32,74.5,1977,1788,0,1,474,3.0,1484
Antique Store,Antique Store 11,Kovalam,3.6,9443,19152,$$$$,0.88,24,0,12,73,16.0,3169,2463,1,0,1196,5.0,1197
Antique Store,Antique Store 12,Kowdiar,4.3,9287,7340,$,0.64,19,0,18,34,21.4,2470,1398,0,0,2228,3.1,2769
Antique Store,Antique Store 13,Palayam,4.5,9435,12518,$$,0.43,11,0,10,108,51.9,621,892,1,0,4852,3.6,532
Antique Store,Antique Store 14,Technopark,4.6,4721,4499,$$$,0.65,15,0,3,27,17.0,532,2693,1,0,3580,4.9,2685
Antique Store,Antique Store 15,Vazhuthacaud,4.8,6510,6575,$,0.47,48,0,11,36,75.8,4132,2075,1,0,2493,3.0,571
Antique Store,Antique Store 16,Pongumoodu,3.7,8700,1388,$$,0.45,42,0,16,51,30.9,4205,1655,1,1,4749,4.1,393
Antique Store,Antique Store 17,Vazhuthacaud,4.1,6795,13397,$$,0.99,50,0,5,58,23.6,2176,609,0,1,3691,3.3,450
Antique Store,Antique Store 18,Technopark,4.7,8190,13963,$$$$,0.68,15,0,12,21,11.1,4710,2299,1,1,1042,4.5,172
Antique Store,Antique Store 19,Kowdiar,4.9,6551,13477,$,0.69,11,0,2,68,79.3,1910,2897,1,1,762,4.4,2199
Antique Store,Antique Store 20,Palayam,4.3,3869,12761,$,0.68,15,0,9,85,43.3,3703,2774,1,1,2615,3.1,3478
Antique Store,Antique Store 21,Kowdiar,3.2,4716,3676,$$$,0.9,18,0,3,118,26.3,2037,68,1,0,3032,3.8,3967
Antique Store,Antique Store 22,Technopark,4.5,7137,7769,$$,0.59,5,0,2,88,39.8,2831,2305,1,1,1134,4.1,4427
Antique Store,Antique Store 23,Ulloor,3.7,7247,18922,$$,0.66,38,0,14,111,48.0,3503,1518,1,1,1241,4.7,645
Antique Store,Antique Store 24,Pattom,4.6,3373,735,$$$,0.39,21,0,17,91,28.3,3957,2882,0,1,1373,3.4,3453
Antique Store,Antique Store 25,East Fort,4.6,6286,5767,$$$$,0.44,11,0,17,43,39.3,212,2689,0,0,72,4.9,2509
Antique Store,Antique Store 26,Palayam,3.1,7367,465,$,0.53,8,0,3,79,18.0,2538,325,0,0,3948,3.3,3352
Antique Store,Antique Store 27,Ulloor,3.7,2332,12886,$$$$,0.89,33,0,8,61,55.2,1971,1754,0,0,1980,4.1,1987
Antique Store,Antique Store 28,East Fort,3.8,8084,14437,$$,0.36,38,0,7,68,27.3,4084,1717,1,1,1595,3.9,1388
Antique Store,Antique Store 29,Vazhuthacaud,3.1,2942,19268,$$$$,0.71,10,0,9,12,43.9,1885,1955,0,0,2165,4.2,2417
Antique Store,Antique Store 30,Shangumugham,4.7,9236,13010,$$$$,0.76,20,0,11,44,44.1,4600,1760,0,1,2978,3.3,2090
Antique Store,Antique Store 31,Shangumugham,3.1,622,19481,$$,0.66,36,0,7,58,37.1,658,1282,0,0,3066,4.3,295
Antique Store,Antique Store 32,Pongumoodu,4.7,1668,2549,$$$$,0.9,43,0,7,94,50.8,3402,1655,1,0,757,4.9,1834
Antique Store,Antique Store 33,Shangumugham,4.1,9495,10017,$,0.99,9,0,15,38,73.2,163,2019,1,0,3927,3.5,4957
Antique Store,Antique Store 34,Palayam,3.0,8647,12730,$$,0.52,32,0,0,94,18.7,2689,1545,1,0,2942,3.4,1988
Antique Store,Antique Store 35,Kovalam,4.8,4549,6646,$,0.34,28,0,14,42,30.6,1075,2639,1,0,4662,4.1,2632
Antique Store,Antique Store 36,Pattom,4.0,4781,6735,$$$,0.85,44,0,6,27,31.1,4708,1888,0,0,2799,3.5,1062
Antique Store,Antique Store 37,Kovalam,4.8,9296,4035,$,0.98,36,0,19,61,62.7,1287,2399,1,1,2400,4.8,2304
Antique Store,Antique Store 38,Shangumugham,3.1,7482,2907,$$$,0.36,31,0,19,18,23.9,1969,1202,1,0,1312,4.5,2998
Antique Store,Antique Store 39,Technopark,3.5,953,12799,$,1.0,26,0,15,62,72.0,2191,930,0,0,4682,4.8,4671
Antique Store,Antique Store 40,Technopark,4.0,4508,1458,$$$$,0.32,16,0,5,15,58.8,2139,377,1,1,3594,4.0,953
Antique Store,Antique Store 41,Kovalam,3.9,7761,19470,$$$$,0.89,25,0,13,72,60.5,4559,741,1,0,4790,3.2,3973
Antique Store,Antique Store 42,Pongumoodu,3.4,2289,4605,$$$$,0.61,2,0,17,92,47.5,1895,933,1,1,394,4.2,4570
Antique Store,Antique Store 43,Pongumoodu,4.5,8389,12580,$$$,0.65,19,0,11,87,50.9,3857,104,0,1,3797,3.8,2173
Antique Store,Antique Store 44,Kowdiar,4.4,9000,15841,$$$$,0.61,34,0,0,11,62.5,1245,2778,0,1,2743,4.1,3293
Antique Store,Antique Store 45,Kowdiar,4.5,8422,16064,$$$,0.69,16,0,12,107,71.9,511,827,1,0,1710,4.1,1087
Antique Store,Antique Store 46,Pongumoodu,3.3,3621,6789,$$$,0.88,36,0,9,99,44.0,984,436,1,1,3237,4.0,4468
Antique Store,Antique Store 47,Palayam,3.9,7970,442,$$$,0.43,50,0,13,51,29.4,4526,2252,0,0,1591,3.2,4169
Antique Store,Antique Store 48,Shangumugham,4.6,6291,7781,$$$,0.99,17,0,14,113,18.7,3394,303,1,0,470,4.2,2020
Antique Store,Antique Store 49,Pattom,3.8,2284,7888,$$,0.53,11,0,6,90,76.0,4360,188,0,1,1551,3.8,1579
Antique Store,Antique Store 50,Shangumugham,3.1,1608,8748,$$$$,0.31,38,0,18,91,52.2,90,1052,1,1,4977,4.2,4656
